id,author,book_title,original_title,date,duration,url
w3cswsss,Ngũgĩ wa Thiong'o,A Grain of Wheat,Ngũgĩ wa Thiong'o - A Grain of Wheat,9 Mar 2019,48 mins,https://www.bbc.com/audio/play/w3cswsss
w3csyx6b,Ann Cleeves,Raven Black,Ann Cleeves - Raven Black,8 Sep 2019,49 mins,https://www.bbc.com/audio/play/w3csyx6b
w3cszmx4,Yiyun Li,The Vagrants,Yiyun Li: The Vagrants,8 Nov 2020,49 mins,https://www.bbc.com/audio/play/w3cszmx4
w3csyx6j,Leïla Slimani,Lullaby,Leïla Slimani - Lullaby,8 Mar 2020,49 mins,https://www.bbc.com/audio/play/w3csyx6j
w3csyx6f,Jenny Erpenbeck,Visitation,Jenny Erpenbeck - Visitation,8 Dec 2019,49 mins,https://www.bbc.com/audio/play/w3csyx6f
w3ct5r3s,Ewald Arenz,Tasting Sunlight,Ewald Arenz: Tasting Sunlight,7 Sep 2024,49 mins,https://www.bbc.com/audio/play/w3ct5r3s
w3ct4xll,Michael Chabon,The Amazing Adventures of Kavalier and Clay,Michael Chabon: The Amazing Adventures of Kavalier and Clay,7 Oct 2023,49 mins,https://www.bbc.com/audio/play/w3ct4xll
w3csv2bp,Jane Gardam,Old Filth,Jane Gardam - Old Filth,7 Oct 2017,49 mins,https://www.bbc.com/audio/play/w3csv2bp
p036scpn,Jonathan Franzen,Freedom,Jonathan Franzen - Freedom,7 Nov 2015,50 mins,https://www.bbc.com/audio/play/p036scpn
w3ct3c7j,Bryan Washington,Memorial,Bryan Washington: Memorial,7 May 2022,49 mins,https://www.bbc.com/audio/play/w3ct3c7j
p03sqwl4,Charlotte Brontë,Jane Eyre,Charlotte Brontë - Jane Eyre,7 May 2016,49 mins,https://www.bbc.com/audio/play/p03sqwl4
w3cszmx8,Tsitsi Dangarembga,Nervous Conditions,Tsitsi Dangarembga: Nervous Conditions,7 Mar 2021,49 mins,https://www.bbc.com/audio/play/w3cszmx8
w3ct74s0,N.K Jemisin,,N.K Jemisin,7 Jun 2025,55 mins,https://www.bbc.com/audio/play/w3ct74s0
w3csyx68,Andrea Levy,Small Island,Andrea Levy - Small Island,7 Jul 2019,49 mins,https://www.bbc.com/audio/play/w3csyx68
w3cswssj,Anuradha Roy,An Atlas of Impossible Longing,Anuradha Roy: An Atlas of Impossible Longing,7 Jul 2018,49 mins,https://www.bbc.com/audio/play/w3cswssj
w3ct3c7s,Anuk Arudpragasam,A Passage North,Anuk Arudpragasam: A Passage North,7 Jan 2023,49 mins,https://www.bbc.com/audio/play/w3ct3c7s
p04n1x8c,Karl Ove Knausgaard,A Death in the Family,Karl Ove Knausgaard - A Death in the Family,7 Jan 2017,49 mins,https://www.bbc.com/audio/play/p04n1x8c
w3cszmx7,Bill Bryson,Notes from a Small Island,Bill Bryson: Notes from a Small Island,7 Feb 2021,49 mins,https://www.bbc.com/audio/play/w3cszmx7
w3ct5r3x,Douglas Stuart,Shuggie Bain,Douglas Stuart: Shuggie Bain,7 Dec 2024,49 mins,https://www.bbc.com/audio/play/w3ct5r3x
w3ct1x9q,Fyodor Dostoyevsky,Crime and Punishment,Crime and Punishment: Fyodor Dostoyevsky,7 Aug 2021,49 mins,https://www.bbc.com/audio/play/w3ct1x9q
w3csyx65,Tessa Hadley,The Past,Tessa Hadley - The Past,7 Apr 2019,49 mins,https://www.bbc.com/audio/play/w3csyx65
w3cswssf,Celeste Ng,Everything I Never Told You,Celeste Ng: Everything I Never Told You,7 Apr 2018,50 mins,https://www.bbc.com/audio/play/w3cswssf
w3ct74s3,Arthur Conan Doyle,The Hound of the Baskervilles,Arthur Conan Doyle - The Hound of the Baskervilles,6 Sep 2025,1 hr 2 mins,https://www.bbc.com/audio/play/w3ct74s3
w3csyx6c,Héctor Abad,Oblivion,Héctor Abad - Oblivion,6 Oct 2019,48 mins,https://www.bbc.com/audio/play/w3csyx6c
w3cswssm,Kate Atkinson,Life After Life,Kate Atkinson: Life After Life,6 Oct 2018,49 mins,https://www.bbc.com/audio/play/w3cswssm
w3ct1x9t,Burhan Sönmez,"Istanbul, Istanbul","Burhan Sönmez: Istanbul, Istanbul",6 Nov 2021,49 mins,https://www.bbc.com/audio/play/w3ct1x9t
w3ct4xlf,Curtis Sittenfeld,Prep,Curtis Sittenfeld: Prep,6 May 2023,49 mins,https://www.bbc.com/audio/play/w3ct4xlf
p051jfm3,Derek Walcott,Omeros,Derek Walcott - Omeros,6 May 2017,49 mins,https://www.bbc.com/audio/play/p051jfm3
w3cszmwz,Deborah Levy,Hot Milk,Deborah Levy - Hot Milk,6 Jun 2020,49 mins,https://www.bbc.com/audio/play/w3cszmwz
w3ct5r3q,Kevin Kwan,Crazy Rich Asians,Kevin Kwan: Crazy Rich Asians,6 Jul 2024,49 mins,https://www.bbc.com/audio/play/w3ct5r3q
w3ct4xlp,Antonio Muñoz Molina,In the Night of Time,Antonio Muñoz Molina: In the Night of Time,6 Jan 2024,49 mins,https://www.bbc.com/audio/play/w3ct4xlp
w3cswssq,Lee Child,Killing Floor,Lee Child - Killing Floor,6 Jan 2019,49 mins,https://www.bbc.com/audio/play/w3cswssq
w3csvtz2,Agatha Christie,,Agatha Christie,6 Jan 2018,49 mins,https://www.bbc.com/audio/play/w3csvtz2
p03hbcrv,Cees Nooteboom,The Following Story,Cees Nooteboom - The Following Story,6 Feb 2016,49 mins,https://www.bbc.com/audio/play/p03hbcrv
w3cszmx5,Yaa Gyasi,Homegoing,Yaa Gyasi: Homegoing,6 Dec 2020,49 mins,https://www.bbc.com/audio/play/w3cszmx5
w3ct3c7m,Yaa Gyasi,Homegoing,Yaa Gyasi: Homegoing,6 Aug 2022,49 mins,https://www.bbc.com/audio/play/w3ct3c7m
w3ct5r3m,Charlotte Wood,The Weekend,Charlotte Wood: The Weekend,6 Apr 2024,49 mins,https://www.bbc.com/audio/play/w3ct5r3m
w3cszmx2,Elizabeth Strout,Olive Kitteridge,Elizabeth Strout: Olive Kitteridge,5 Sep 2020,49 mins,https://www.bbc.com/audio/play/w3cszmx2
p03139g2,Andrey Kurkov,Death and the Penguin,Andrey Kurkov - Death and the Penguin,5 Sep 2015,49 mins,https://www.bbc.com/audio/play/p03139g2
w3ct5r3t,Elif Batuman,,Elif Batuman,5 Oct 2024,49 mins,https://www.bbc.com/audio/play/w3ct5r3t
w3ct3c7q,Tahmima Anam,A Golden Age,Tahmima Anam: A Golden Age,5 Nov 2022,49 mins,https://www.bbc.com/audio/play/w3ct3c7q
p04dl2fy,Fyodor Dostoyevsky,Crime and Punishment,Crime and Punishment,5 Nov 2016,49 mins,https://www.bbc.com/audio/play/p04dl2fy
w3csyx66,Donna Leon,Death at La Fenice,Donna Leon - Death at La Fenice,5 May 2019,49 mins,https://www.bbc.com/audio/play/w3csyx66
w3cswssg,Sarah Waters,Tipping the Velvet,Sarah Waters: Tipping the Velvet,5 May 2018,49 mins,https://www.bbc.com/audio/play/w3cswssg
w3ct1x9y,Kiley Reid,Such a Fun Age,Kiley Reid: Such a Fun Age,5 Mar 2022,49 mins,https://www.bbc.com/audio/play/w3ct1x9y
p03kx3ry,Judith Kerr,When Hitler Stole Pink Rabbit,Judith Kerr - When Hitler Stole Pink Rabbit,5 Mar 2016,49 mins,https://www.bbc.com/audio/play/p03kx3ry
w3ct1x9n,Manu Joseph,Serious Men,Manu Joseph: Serious Men,5 Jun 2021,49 mins,https://www.bbc.com/audio/play/w3ct1x9n
w3ct74s1,Graeme Macrae Burnet,,Graeme Macrae Burnet,5 Jul 2025,49 mins,https://www.bbc.com/audio/play/w3ct74s1
w3csyx6g,Naomi Alderman,The Power,Naomi Alderman - The Power,5 Jan 2020,49 mins,https://www.bbc.com/audio/play/w3csyx6g
p039jtrn,Leila Aboulela,Minaret,Leila Aboulela - Minaret,5 Dec 2015,49 mins,https://www.bbc.com/audio/play/p039jtrn
w3ct4xlj,Pilar Quintana,The Bitch,Pilar Quintana: The Bitch,5 Aug 2023,49 mins,https://www.bbc.com/audio/play/w3ct4xlj
p05b18fg,Delphine de Vigan,No and Me,Delphine de Vigan - No and Me,5 Aug 2017,49 mins,https://www.bbc.com/audio/play/p05b18fg
w3ct74ry,Michelle de Kretser,Scary Monsters,Michelle de Kretser: Scary Monsters,5 Apr 2025,49 mins,https://www.bbc.com/audio/play/w3ct74ry
w3ct1x9r,Maylis De Kerangal,Mend the Living,Maylis De Kerangal: Mend the Living,4 Sep 2021,49 mins,https://www.bbc.com/audio/play/w3ct1x9r
w3ct74s4,Silvia Moreno-Garcia,Mexican Gothic,Silvia Moreno-Garcia - Mexican Gothic,4 Oct 2025,1 hr 6 mins,https://www.bbc.com/audio/play/w3ct74s4
w3ct4xlm,Xiaolu Guo,A Concise Chinese-English Dictionary for Lovers,Xiaolu Guo: A Concise Chinese-English Dictionary for Lovers,4 Nov 2023,50 mins,https://www.bbc.com/audio/play/w3ct4xlm
w3cswssn,Lijia Zhang,Lotus,Lijia Zhang: Lotus,4 Nov 2018,49 mins,https://www.bbc.com/audio/play/w3cswssn
w3csvtz0,Alan Hollinghurst,The Line of Beauty,Alan Hollinghurst: The Line of Beauty,4 Nov 2017,49 mins,https://www.bbc.com/audio/play/w3csvtz0
w3ct5r3n,Percival Everett,The Trees,Percival Everett: The Trees,4 May 2024,49 mins,https://www.bbc.com/audio/play/w3ct5r3n
w3ct3c7v,Marie Darrieussecq,Pig Tales,Marie Darrieussecq: Pig Tales,4 Mar 2023,49 mins,https://www.bbc.com/audio/play/w3ct3c7v
p04v1ghx,Joël Dicker,The Truth About the Harry Quebert Affair,Joël Dicker - The Truth About the Harry Quebert Affair,4 Mar 2017,48 mins,https://www.bbc.com/audio/play/p04v1ghx
w3ct3c7k,Jennifer Egan,A Visit from the Goon Squad,Jennifer Egan: A Visit from the Goon Squad,4 Jun 2022,49 mins,https://www.bbc.com/audio/play/w3ct3c7k
p03wlptl,Tan Twan Eng,The Garden of Evening Mists,Tan Twan Eng - The Garden of Evening Mists,4 Jun 2016,49 mins,https://www.bbc.com/audio/play/p03wlptl
w3cszmx0,Bernardine Evaristo,"Girl, Woman, Other","Bernardine Evaristo: Girl, Woman, Other",4 Jul 2020,49 mins,https://www.bbc.com/audio/play/w3cszmx0
w3ct5r3y,Anne Holt,"1,222","Anne Holt: 1,222",4 Jan 2025,49 mins,https://www.bbc.com/audio/play/w3ct5r3y
w3ct3c7t,Ayelet Gundar-Goshen,Waking Lions,Ayelet Gundar-Goshen: Waking Lions,4 Feb 2023,49 mins,https://www.bbc.com/audio/play/w3ct3c7t
p04r4clg,Laura Restrepo,Delirium,Laura Restrepo - Delirium,4 Feb 2017,49 mins,https://www.bbc.com/audio/play/p04r4clg
w3ct1x9v,Monique Roffey,The Mermaid of Black Conch,Monique Roffey: The Mermaid of Black Conch,4 Dec 2021,49 mins,https://www.bbc.com/audio/play/w3ct1x9v
p0jftw8r,Women of the World,Edna O’Brien,Women of the World:  Edna O’Brien,4 Aug 2024,26 mins,https://www.bbc.com/audio/play/p0jftw8r
w3csyx69,Chigozie Obioma,The Fishermen,Chigozie Obioma - The Fishermen,4 Aug 2019,49 mins,https://www.bbc.com/audio/play/w3csyx69
w3cswssk,Hilary Mantel,Bring Up the Bodies,Hilary Mantel: Bring Up the Bodies,4 Aug 2018,49 mins,https://www.bbc.com/audio/play/w3cswssk
w3cszmwx,Fatima Bhutto,The Shadow of the Crescent Moon,Fatima Bhutto - The Shadow of the Crescent Moon,4 Apr 2020,49 mins,https://www.bbc.com/audio/play/w3cszmwx
w3ct3c7n,Ben Lerner,Leaving the Atocha Station,Ben Lerner: Leaving the Atocha Station,3 Sep 2022,49 mins,https://www.bbc.com/audio/play/w3ct3c7n
p0462ry6,DBC Pierre,Vernon God Little,DBC Pierre - Vernon God Little,3 Sep 2016,49 mins,https://www.bbc.com/audio/play/p0462ry6
w3cszmx3,Ali Smith,How to Be Both,Ali Smith: How to Be Both,3 Oct 2020,49 mins,https://www.bbc.com/audio/play/w3cszmx3
p0338wlh,Deborah Moggach,Tulip Fever,Deborah Moggach - Tulip Fever,3 Oct 2015,49 mins,https://www.bbc.com/audio/play/p0338wlh
w3csyx6d,David Nicholls,Us,David Nicholls - Us,3 Nov 2019,49 mins,https://www.bbc.com/audio/play/w3csyx6d
w3ct74rz,Abdulrazak Gurnah,Paradise,Abdulrazak Gurnah: Paradise,3 May 2025,49 mins,https://www.bbc.com/audio/play/w3ct74rz
w3csvtz4,Junot Diaz,The Brief Wondrous Life of Oscar Wao,Junot Diaz: The Brief Wondrous Life of Oscar Wao,3 Mar 2018,49 mins,https://www.bbc.com/audio/play/w3csvtz4
w3ct4xlg,Judith Kerr,When Hitler Stole Pink Rabbit,Judith Kerr: When Hitler Stole Pink Rabbit,3 Jun 2023,50 mins,https://www.bbc.com/audio/play/w3ct4xlg
p05465fl,Jeffrey Archer,Kane and Abel,Jeffrey Archer - Kane and Abel,3 Jun 2017,49 mins,https://www.bbc.com/audio/play/p05465fl
w3ct1x9p,Jane Harper,The Dry,Jane Harper: The Dry,3 Jul 2021,49 mins,https://www.bbc.com/audio/play/w3ct1x9p
w3cszmx6,Sjón,Moonstone: The Boy Who Never Was,Sjón - Moonstone: The Boy Who Never Was,3 Jan 2021,49 mins,https://www.bbc.com/audio/play/w3cszmx6
w3ct4xlq,Carlo Rovelli,Seven Brief Lessons on Physics,Carlo Rovelli: Seven Brief Lessons on Physics,3 Feb 2024,49 mins,https://www.bbc.com/audio/play/w3ct4xlq
w3cswssr,JoJo Moyes,Me Before You,JoJo Moyes - Me Before You,3 Feb 2019,49 mins,https://www.bbc.com/audio/play/w3cswssr
w3csvtz3,Jackie Kay,Trumpet,Jackie Kay: Trumpet,3 Feb 2018,48 mins,https://www.bbc.com/audio/play/w3csvtz3
w3ct3c7r,Sunjeev Sahota,The Year of the Runaways,Sunjeev Sahota - The Year of the Runaways,3 Dec 2022,49 mins,https://www.bbc.com/audio/play/w3ct3c7r
p04j22df,Margaret Drabble,The Millstone,Margaret Drabble - The Millstone,3 Dec 2016,49 mins,https://www.bbc.com/audio/play/p04j22df
w3ct5r3r,Paul Auster,New York Trilogy,Paul Auster: New York Trilogy,3 Aug 2024,49 mins,https://www.bbc.com/audio/play/w3ct5r3r
w3ct1x9l,Robert Seethaler,A Whole Life,Robert Seethaler: A Whole Life,3 Apr 2021,49 mins,https://www.bbc.com/audio/play/w3ct1x9l
w3ct6r9p,,World Book Café: Oslo,World Book Café: Oslo,25 Jan 2025,49 mins,https://www.bbc.com/audio/play/w3ct6r9p
p02r7wxw,AS Byatt,Possession,AS Byatt - Possession,23 Mar 2004,26 mins,https://www.bbc.com/audio/play/p02r7wxw
w3ct4xlk,Audrey Niffenegger,The Time Traveler's Wife,Audrey Niffenegger: The Time Traveler's Wife,2 Sep 2023,49 mins,https://www.bbc.com/audio/play/w3ct4xlk
w3csv2bn,Sebastian Barry,The Secret Scripture,Sebastian Barry - The Secret Scripture,2 Sep 2017,49 mins,https://www.bbc.com/audio/play/w3csv2bn
w3ct1x9s,Wole Soyinka,,Wole Soyinka,2 Oct 2021,49 mins,https://www.bbc.com/audio/play/w3ct1x9s
w3ct5r3w,Kate Mosse,Labyrinth,Kate Mosse: Labyrinth,2 Nov 2024,48 mins,https://www.bbc.com/audio/play/w3ct5r3w
w3cszmwy,Hilary Mantel,Bring Up the Bodies,Hilary Mantel - Bring Up the Bodies,2 May 2020,49 mins,https://www.bbc.com/audio/play/w3cszmwy
w3ct4xlr,Ann Patchett,The Dutch House,Ann Patchett: The Dutch House,2 Mar 2024,49 mins,https://www.bbc.com/audio/play/w3ct4xlr
w3csyx67,Siri Hustvedt,What I Loved,Siri Hustvedt - What I Loved,2 Jun 2019,49 mins,https://www.bbc.com/audio/play/w3csyx67
w3cswssh,Amy Bloom,Away,Amy Bloom: Away,2 Jun 2018,50 mins,https://www.bbc.com/audio/play/w3cswssh
w3ct3c7l,Mohsin Hamid,Exit West,Mohsin Hamid: Exit West,2 Jul 2022,49 mins,https://www.bbc.com/audio/play/w3ct3c7l
p03zhfs6,Juan Gabriel Vasquez,The Sound of Things Falling,Juan Gabriel Vasquez - The Sound of Things Falling,2 Jul 2016,49 mins,https://www.bbc.com/audio/play/p03zhfs6
p03bh893,Elizabeth Gilbert,"Eat, Pray, Love","Elizabeth Gilbert: Eat, Pray, Love",2 Jan 2016,49 mins,https://www.bbc.com/audio/play/p03bh893
w3csyx6h,Petina Gappah,The Book of Memory,Petina Gappah - The Book of Memory,2 Feb 2020,49 mins,https://www.bbc.com/audio/play/w3csyx6h
w3ct4xln,Shehan Karunatilaka,The Seven Moons of Maali Almeida,Shehan Karunatilaka: The Seven Moons of Maali Almeida,2 Dec 2023,49 mins,https://www.bbc.com/audio/play/w3ct4xln
w3cswssp,Chan Koonchung,The Fat Years,Chan Koonchung - The Fat Years,2 Dec 2018,49 mins,https://www.bbc.com/audio/play/w3cswssp
w3csvtz1,Richard Flanagan,Narrow Road to the Deep North,Richard Flanagan: Narrow Road to the Deep North,2 Dec 2017,49 mins,https://www.bbc.com/audio/play/w3csvtz1
w3ct74s2,Juhea Kim,Beasts of a Little Land,Juhea Kim - Beasts of a Little Land,2 Aug 2025,58 mins,https://www.bbc.com/audio/play/w3ct74s2
w3ct3c7h,NoViolet Bulawayo,We Need New Names,NoViolet Bulawayo: We Need New Names,2 Apr 2022,49 mins,https://www.bbc.com/audio/play/w3ct3c7h
p03p54m5,Nuruddin Farah,Maps,Nuruddin Farah - Maps,2 Apr 2016,50 mins,https://www.bbc.com/audio/play/p03p54m5
w3ct57k6,,World Book Café: Paris,World Book Cafe: Paris,18 Mar 2023,49 mins,https://www.bbc.com/audio/play/w3ct57k6
p0cfkw3t,,World Book Café: Brooklyn,World Book Cafe: Brooklyn,18 Jun 2022,49 mins,https://www.bbc.com/audio/play/p0cfkw3t
w3ct6r9n,,World Book Café: Toronto,World Book Cafe: Toronto,13 Jul 2024,48 mins,https://www.bbc.com/audio/play/w3ct6r9n
w3ct6chf,,World Book Café: Madrid,Madrid,10 Feb 2024,48 mins,https://www.bbc.com/audio/play/w3ct6chf
w3cswssl,James Ellroy,American Tabloid,James Ellroy - American Tabloid,1 Sep 2018,49 mins,https://www.bbc.com/audio/play/w3cswssl
w3ct3c7p,Brit Bennett,The Vanishing Half,Brit Bennett: The Vanishing Half,1 Oct 2022,49 mins,https://www.bbc.com/audio/play/w3ct3c7p
p048y3s7,Anne Enright,The Gathering,Anne Enright - The Gathering,1 Oct 2016,49 mins,https://www.bbc.com/audio/play/p048y3s7
w3ct74s5,Oyinkan Braithwaite,"My Sister, The Serial Killer","Oyinkan Braithwaite - My Sister, The Serial Killer",1 Nov 2025,50 mins,https://www.bbc.com/audio/play/w3ct74s5
w3ct1x9m,Louise Penny,Still Life,Louise Penny: Still Life,1 May 2021,49 mins,https://www.bbc.com/audio/play/w3ct1x9m
w3ct5r40,Ottessa Moshfegh,My Year of Rest and Relaxation,Ottessa Moshfegh: My Year of Rest and Relaxation,1 Mar 2025,58 mins,https://www.bbc.com/audio/play/w3ct5r40
w3ct5r3p,Miriam Toews,Women Talking,Miriam Toews: Women Talking,1 Jun 2024,48 mins,https://www.bbc.com/audio/play/w3ct5r3p
w3ct4xlh,Sofi Oksanen,Purge,Sofi Oksanen: Purge,1 Jul 2023,50 mins,https://www.bbc.com/audio/play/w3ct4xlh
p056vtwn,Tim Winton,Cloudstreet,Tim Winton - Cloudstreet,1 Jul 2017,49 mins,https://www.bbc.com/audio/play/p056vtwn
w3ct1x9w,Naoise Dolan,Exciting Times,Naoise Dolan: Exciting Times,1 Jan 2022,49 mins,https://www.bbc.com/audio/play/w3ct1x9w
w3ct5r3z,Meg Rosoff,How I Live Now,Meg Rosoff: How I Live Now,1 Feb 2025,49 mins,https://www.bbc.com/audio/play/w3ct5r3z
w3ct5r41,Edna O'Brien,The Country Girls,Edna O'Brien: The Country Girls,1 Aug 2024,26 mins,https://www.bbc.com/audio/play/w3ct5r41
w3cszmx1,Helen Garner,The Spare Room,Helen Garner: The Spare Room,1 Aug 2020,49 mins,https://www.bbc.com/audio/play/w3cszmx1
w3ct4xld,Paul Theroux,Deep South,Paul Theroux: Deep South,1 Apr 2023,49 mins,https://www.bbc.com/audio/play/w3ct4xld
p04y163q,Robert Harris,Imperium,Robert Harris - Imperium,1 Apr 2017,49 mins,https://www.bbc.com/audio/play/p04y163q
